{"cameraMode":{"drawMode":0,"name":"Shaded","section":"Shading Mode"},"sceneLighting":true,"audioPlay":false,"sceneViewState":{"showFog":true,"showMaterialUpdate":false,"showSkybox":true,"showFlares":true,"showImageEffects":true,"showParticleSystems":true,"showVisualEffectGraphs":true,"m_FxEnabled":true},"in2DMode":false,"pivot":{"x":3.170098066329956,"y":-41.36573028564453,"z":0.30400070548057558},"rotation":{"x":0.7176303267478943,"y":-0.0020892792381346227,"z":0.0021529127843677999,"w":0.6964184045791626},"size":30.651586532592775,"orthographic":false}